{
  "mean": [
    52.75026399155227,
    23.25200633579725,
    10.921383315733896,
    0.4691721224920803,
    0.32672333685322075,
    0.7657460401267159,
    4.223284054910243,
    2.495353748680042,
    0.7533790918690603,
    0.4699049630411827,
    1.2948257655755016,
    1.8843717001055966,
    -0.15084477296726506
  ],
  "scale": [
    20.700418490839358,
    7.666384176664045,
    6.467998715131306,
    0.07584428654496023,
    0.11053820295642518,
    0.10363922591116832,
    2.327248169136442,
    1.9054386553680618,
    0.37341242533410085,
    0.41007930755703326,
    0.8128421763445087,
    0.6451088831596835,
    3.3986280268392015
  ],
  "feature_names": [
    "GP",
    "MIN",
    "PTS",
    "FG_PCT",
    "FG3_PCT",
    "FT_PCT",
    "REB",
    "AST",
    "STL",
    "BLK",
    "TOV",
    "PF",
    "PLUS_MINUS"
  ]
}